serotype,0,1,2,3,4,5,6,7,8,9,10,11,12,13,14,15,16,17,18,19,20,21,22,23,24,25,0,1,2,3,4,5,6,7,8,9,10,11,12,13,14,15,16,0,1,2,3,4,5,6,7,8,9,10,11,12,13,14,15,16,17,18,19,20,21,22,0,1,2,3,4,5,6,7,8,9,10,11,12,13,14,15,16,17,18,19,20,21,22,23,24,25,26,27,28,29,30,31,32,33,34,35,0,1,2,3,4,5,6,7,8,9,10,11,12,13,14,15,16,17,18,19,20,21,22,23,24,25,26,27,28,29,30,31,32,33,34,35,36,37,38,39,40,41,42,43,44,45,46,47,48,49,50,51,0,1,2,3,4,5,6,7,8,9,10,11,12,13,14,15,16,17,18,19,20,21,22,23,24,25,26,27,28,29,30,31,32,33,34,35,36,37,38,39,40,41,42,43,44,45,46,47,48,49,50,51,52,53,54,55,56,57,58,59,60,61,62,63,0,1,2,3,4,5,6,7,8,9,10,11,12,13,14,15,16,17,18,19,20,21,22,23,0,1,2,3,4,5,6,7,8,9,10,11,12,13,14,15,16,17,18,19,20,21,0,1,2,3,4,5,6,7,8,9,10,11,12,13,14,15,16
CVB1,,A,C,V,Y,Y,A,T,Y,T,-,-,-,-,N,N,S,K,K,G,F,A,E,W,V,,,I,N,T,R,Q,V,A,Q,L,R,R,K,L,E,L,,,P,P,G,G,P,V,P,T,K,V,K,D,Y,A,W,Q,T,S,T,N,P,,,P,F,I,S,I,G,N,A,Y,S,C,F,Y,D,G,W,T,Q,F,S,R,N,G,V,Y,G,I,N,T,L,N,N,M,G,,,R,P,P,R,L,C,Q,Y,E,K,Q,K,N,V,N,F,S,P,I,G,V,T,T,S,R,T,D,I,I,T,T,-,-,-,-,-,-,-,-,-,-,-,-,-,-,-,-,-,-,-,,,P,E,A,E,M,G,C,S,N,L,N,N,T,P,E,F,S,E,L,S,G,G,D,S,A,R,M,F,T,D,T,Q,V,G,-,E,S,N,A,K,K,V,Q,T,A,V,W,N,A,G,M,G,V,G,V,G,N,L,T,I,F,P,,,L,Q,P,G,A,N,N,V,L,N,R,T,L,L,G,E,I,L,N,Y,Y,T,,,P,W,I,S,Q,T,H,Y,R,Y,V,V,E,D,E,Y,T,A,A,G,,,M,L,K,D,T,P,F,I,R,Q,D,T,F,Y,Q,
CVB2,,A,C,V,F,Y,T,T,Y,T,N,S,K,N,A,A,K,E,K,K,F,A,T,W,K,,,V,S,V,R,Q,A,A,Q,L,R,R,K,L,E,L,,,P,P,G,G,P,V,P,E,T,V,D,D,Y,N,W,Q,T,S,T,N,P,,,P,F,M,S,I,G,N,A,Y,S,M,F,Y,D,G,W,S,E,F,R,H,D,G,V,Y,G,L,N,T,L,N,N,M,G,,,R,P,P,R,L,A,Q,Y,L,K,A,N,N,V,N,F,K,I,T,D,V,T,E,K,R,D,S,L,T,T,-,-,-,-,-,-,-,-,-,-,-,T,G,A,F,G,Q,Q,S,G,,,P,E,A,E,M,G,C,T,N,K,E,N,T,P,L,F,E,K,L,C,G,Q,D,N,A,K,E,F,T,R,E,G,P,T,I,S,K,G,A,T,D,V,Q,T,A,V,C,N,A,G,M,G,V,G,V,G,N,L,T,I,F,P,,,L,Q,P,G,A,S,S,V,L,Q,R,T,L,L,G,E,I,L,N,Y,Y,T,,,P,W,I,S,Q,T,H,Y,R,Y,T,V,K,D,E,Y,T,D,S,G,,,M,L,R,D,T,R,F,I,K,Q,T,A,F,Y,Q,
CVB3,,A,C,V,Y,F,T,E,Y,E,-,-,-,-,N,S,G,A,K,R,Y,A,E,W,V,,,I,T,P,R,Q,A,A,Q,L,R,R,K,L,E,F,,,P,P,G,G,P,V,P,D,K,V,D,S,Y,V,W,Q,T,S,T,N,P,,,P,F,L,S,I,G,N,A,Y,S,N,F,Y,D,G,W,S,E,F,S,R,N,G,V,Y,G,I,N,T,L,N,N,M,G,,,R,P,P,R,L,C,Q,Y,E,K,A,K,N,V,N,F,Q,P,S,G,V,T,T,T,R,Q,S,I,T,T,-,-,-,-,-,-,-,-,-,-,-,-,-,-,-,-,-,-,-,-,,,P,E,A,E,M,G,C,A,T,L,N,N,T,P,S,S,A,E,L,L,G,G,D,T,A,K,E,F,A,D,K,P,V,A,-,S,G,S,N,K,L,V,Q,R,V,V,Y,N,A,G,M,G,V,G,V,G,N,L,T,I,F,P,,,L,Q,P,G,Y,S,S,V,F,S,R,T,L,L,G,E,I,L,N,Y,Y,T,,,P,W,I,S,Q,T,H,Y,R,Y,V,A,S,D,E,Y,T,A,G,G,,,L,L,K,D,T,P,F,I,S,Q,E,N,F,F,Q,
CVB4,,A,C,V,I,Y,I,K,Y,S,S,A,E,-,S,N,N,L,K,R,Y,A,E,W,V,,,I,N,T,R,Q,V,A,Q,L,R,R,K,M,E,M,,,P,P,G,G,P,V,P,T,S,V,N,D,Y,V,W,Q,T,S,T,N,P,,,P,F,M,S,I,G,N,A,Y,T,M,F,Y,D,G,W,S,N,F,S,R,D,G,I,Y,G,Y,N,S,L,N,N,M,G,,,R,P,P,R,L,C,Q,Y,K,K,A,K,S,V,N,F,D,V,E,A,V,T,A,E,R,A,S,L,I,T,-,-,-,-,-,-,-,-,-,-,-,T,G,P,Y,G,H,Q,S,G,,,P,E,A,E,M,G,C,T,N,A,E,N,A,P,A,Y,G,D,L,C,G,G,E,T,A,K,S,F,E,Q,N,A,A,T,-,-,-,G,K,T,A,V,Q,T,A,V,C,N,A,G,M,G,V,G,V,G,N,L,T,I,Y,P,,,L,Q,P,G,A,S,S,V,L,Q,R,T,L,L,G,E,I,L,N,Y,Y,T,,,P,W,I,S,Q,T,H,Y,R,Y,V,V,D,D,K,Y,T,A,S,G,,,M,L,R,D,T,Q,F,I,K,Q,T,N,F,Y,Q,
CVB5,,A,C,V,Y,Y,T,T,Y,K,N,H,-,-,G,T,D,G,D,N,F,A,Q,W,V,,,I,N,T,R,Q,V,A,Q,L,R,R,K,L,E,M,,,P,P,G,G,P,V,P,T,K,V,N,S,Y,S,W,Q,T,S,T,N,P,,,P,F,I,S,I,G,N,A,Y,S,M,F,Y,D,G,W,A,R,F,D,K,Q,G,T,Y,G,I,N,T,L,N,N,M,G,,,R,P,P,R,L,C,Q,Y,Q,K,A,G,N,V,N,F,E,P,S,G,V,T,E,G,R,T,D,I,T,T,-,-,-,-,-,-,-,-,M,Q,T,T,G,A,F,G,Q,Q,S,G,,,P,E,A,E,M,G,C,A,T,L,A,N,K,P,D,Q,K,S,L,S,N,G,E,T,A,N,V,F,E,S,Q,N,S,S,-,-,-,G,Q,T,A,V,Q,A,N,V,I,N,A,G,M,G,I,G,V,G,N,L,T,I,F,P,,,L,T,P,G,A,S,S,V,L,N,R,T,L,L,G,E,I,L,N,Y,Y,T,,,P,W,I,S,Q,T,H,Y,R,Y,V,V,M,D,E,Y,T,A,G,G,,,M,L,K,D,T,P,F,I,K,Q,D,S,F,F,Q,
CVB6,,A,C,V,Y,F,T,T,Y,K,N,Q,-,-,T,G,A,T,N,R,F,A,S,W,V,,,I,T,T,R,Q,V,A,Q,L,R,R,K,L,E,M,,,P,P,G,G,P,V,P,T,K,V,D,D,Y,A,W,Q,T,S,T,N,P,,,P,F,M,S,I,G,N,A,Y,S,T,F,Y,D,G,W,S,D,F,S,N,K,G,I,Y,G,L,N,T,L,N,N,M,G,,,R,P,P,R,L,C,Q,Y,K,T,S,R,Q,V,N,F,T,V,T,G,V,T,E,S,R,A,N,I,T,T,-,-,-,-,-,-,-,-,M,N,T,T,G,A,F,G,Q,Q,S,G,,,P,E,A,E,M,G,C,S,N,L,N,N,A,P,L,A,A,D,L,S,A,G,E,V,A,R,Q,F,T,V,E,P,A,N,-,-,-,G,Q,N,Q,V,Q,T,A,V,H,N,A,A,M,G,V,A,V,G,N,L,T,I,F,P,,,L,Q,P,G,A,S,S,V,F,Q,R,T,L,L,G,E,I,L,N,Y,Y,T,,,P,W,I,S,Q,T,H,Y,R,F,V,V,A,D,E,Y,T,A,G,G,,,M,L,R,D,T,K,F,I,S,Q,T,A,F,Y,Q,
E1,,A,C,V,F,Y,L,E,Y,K,T,G,T,-,K,E,D,S,N,S,F,N,N,W,V,,,I,T,T,R,R,V,A,Q,L,R,R,K,L,E,M,,,P,P,G,G,P,I,P,V,S,V,D,D,Y,S,W,Q,T,S,T,N,P,,,P,F,I,S,I,G,N,A,Y,S,N,F,Y,D,G,W,S,H,F,S,Q,A,G,V,Y,G,F,T,T,L,N,N,M,G,,,R,P,P,R,L,C,P,Y,I,N,S,T,N,V,N,F,E,P,K,P,V,T,E,V,R,T,N,I,I,T,-,-,-,-,-,-,-,-,-,-,-,T,G,A,F,G,Q,Q,S,G,,,P,E,A,E,M,G,S,A,Q,T,S,G,V,V,N,Y,E,H,I,S,K,G,E,I,A,S,R,F,T,T,T,T,T,A,-,-,-,E,D,H,G,V,Q,A,A,V,W,N,A,G,M,G,V,G,V,G,N,L,T,I,F,P,,,L,N,P,G,A,E,S,V,M,N,R,T,L,M,G,E,I,L,N,Y,Y,A,,,P,W,I,S,Q,T,H,Y,R,F,V,E,K,D,P,Y,T,N,A,G,,,M,L,R,D,T,K,F,I,E,Q,T,S,F,Y,Q,
E3,,A,C,V,Y,I,T,T,Y,K,S,A,G,-,G,T,P,T,E,R,Y,A,S,W,R,,,I,N,T,R,Q,M,V,Q,L,R,R,K,F,E,L,,,P,P,G,G,P,V,P,N,S,A,T,D,F,A,W,Q,S,S,T,N,P,,,P,F,I,S,I,G,N,A,Y,T,N,F,Y,D,G,W,S,H,F,T,Q,E,G,V,Y,G,F,N,S,L,N,N,M,G,,,R,P,P,R,L,C,P,Y,T,K,S,S,N,V,N,F,K,P,T,A,V,T,D,E,R,K,D,I,N,D,V,G,T,L,R,P,T,E,Y,T,N,H,G,A,F,G,Q,Q,S,G,,,P,E,A,E,M,G,C,S,D,V,E,R,E,V,V,A,A,S,L,S,S,E,D,T,A,K,S,F,S,R,T,E,S,N,-,-,-,G,Q,H,T,V,Q,T,A,V,Y,N,A,G,M,G,V,G,V,G,N,L,T,I,F,P,,,M,Q,P,G,L,N,S,V,F,K,R,T,L,L,G,E,I,L,N,Y,Y,A,,,P,W,I,S,Q,T,H,Y,R,L,V,Q,Q,D,E,Y,T,S,A,G,,,M,L,R,D,T,P,F,I,E,Q,T,Q,L,L,Q,
E6,,A,C,V,Y,I,V,E,Y,K,T,R,D,-,D,T,P,D,K,M,Y,D,S,W,V,,,I,N,T,R,Q,V,A,Q,L,R,R,K,L,E,F,,,P,P,G,G,P,I,P,Q,A,V,D,D,Y,N,W,Q,T,S,T,N,P,,,P,F,M,S,V,G,N,A,Y,S,N,F,Y,D,G,W,S,H,F,S,Q,T,G,V,Y,G,F,N,T,L,N,N,M,G,,,R,P,P,R,L,C,E,Y,T,H,K,D,N,V,D,F,E,P,K,G,V,T,T,S,R,T,Q,L,T,-,-,-,-,-,-,-,-,-,-,-,-,-,-,-,-,-,-,-,-,-,,,P,E,A,E,M,G,A,A,N,I,N,E,K,I,N,R,E,H,L,S,N,G,E,V,A,N,T,F,S,G,T,K,S,S,-,-,-,N,T,N,D,V,Q,Q,A,V,F,N,A,G,M,G,V,A,V,G,N,L,T,I,F,P,,,L,Q,P,G,A,D,T,V,M,E,R,T,L,L,G,E,I,L,N,Y,Y,A,,,P,W,I,S,Q,T,H,Y,R,F,V,S,K,D,I,Y,T,D,A,G,,,L,L,R,D,S,P,F,V,R,Q,T,A,F,Y,Q,
E7,,A,C,V,Y,I,E,E,Y,Y,T,K,D,-,Q,D,N,V,N,R,Y,M,S,W,T,,,I,N,A,R,R,M,V,Q,L,R,R,K,F,E,L,,,P,P,G,G,P,V,P,N,S,V,T,D,F,A,W,Q,T,S,T,N,P,,,P,F,I,S,I,G,N,A,Y,S,N,F,Y,D,G,W,S,H,F,S,Q,N,G,V,Y,G,Y,N,A,L,N,N,M,G,,,R,P,P,R,L,S,P,Y,I,K,S,S,N,V,N,F,N,P,T,N,L,T,D,E,R,S,S,I,T,Y,V,P,D,T,I,R,P,D,V,R,T,N,G,A,F,G,Q,Q,S,G,,,P,E,A,E,M,G,C,S,Q,T,D,K,E,V,A,A,M,N,L,T,K,G,E,A,A,H,K,F,E,P,T,K,T,T,-,-,-,G,Q,H,T,V,Q,S,I,V,C,N,A,G,M,G,V,G,V,G,N,L,T,I,Y,P,,,M,Q,P,G,L,E,S,V,F,K,R,T,L,M,G,E,I,L,N,Y,Y,A,,,P,W,I,S,Q,T,H,Y,R,L,V,Q,Q,D,E,Y,T,S,A,G,,,M,L,R,D,T,P,F,I,G,Q,T,A,L,L,Q,
E11,,A,C,V,Y,M,G,G,Y,H,T,T,N,-,T,D,Q,T,K,L,F,A,S,W,T,,,I,S,A,R,R,M,V,Q,M,R,R,K,L,E,I,,,P,P,G,G,P,I,P,K,S,V,T,D,Y,A,W,Q,T,S,T,N,P,,,P,F,I,S,I,G,N,A,Y,S,N,F,Y,D,G,W,S,H,F,S,Q,N,G,V,Y,G,Y,N,T,L,N,H,M,G,,,R,P,P,R,L,C,Q,Y,K,N,A,S,T,V,N,F,T,P,T,N,V,T,D,K,R,T,S,I,N,Y,I,P,E,T,V,K,P,D,L,S,N,Y,G,A,F,G,Y,Q,S,G,,,P,E,A,E,M,G,C,S,Q,V,D,G,T,V,N,E,H,G,L,S,E,G,E,T,A,K,K,F,S,S,T,S,T,N,-,-,-,G,T,N,T,V,Q,T,I,V,T,N,A,G,M,G,V,G,V,G,N,L,T,I,Y,P,,,V,Q,P,G,L,D,S,V,F,K,H,T,L,L,G,E,I,L,N,Y,F,A,,,P,W,I,S,Q,T,H,Y,R,L,V,Q,Q,D,E,Y,T,S,A,G,,,L,L,K,D,T,P,F,I,E,Q,T,A,L,L,Q,
E18,,A,C,V,F,M,D,Q,Y,K,I,N,G,E,E,T,S,T,D,R,F,A,V,W,T,,,I,N,I,R,E,M,A,Q,L,R,R,K,C,E,M,,,P,P,G,G,P,I,P,A,K,V,D,G,Y,E,W,Q,T,S,T,N,P,,,P,F,I,S,V,G,N,A,Y,S,S,F,Y,D,G,W,S,H,F,T,Q,D,G,T,Y,G,Y,T,T,L,N,A,M,G,,,R,P,P,R,L,C,P,Y,I,N,K,R,D,V,N,F,V,V,T,E,I,T,D,S,R,T,S,I,T,D,T,P,H,P,E,H,S,V,L,A,T,H,G,A,F,G,Q,Q,S,G,,,P,E,A,E,M,G,C,A,D,T,D,T,T,F,P,A,T,E,L,T,T,E,D,T,P,H,V,F,T,S,D,S,I,T,-,-,-,G,K,K,-,V,Q,A,A,V,C,N,A,G,M,G,V,G,V,G,N,L,T,I,F,P,,,M,D,P,G,Y,S,S,V,L,K,R,T,L,L,G,E,M,L,N,Y,Y,A,,,P,W,I,S,Q,S,H,Y,R,M,V,Q,Q,D,P,Y,T,S,A,G,,,L,L,R,D,T,P,F,M,A,Q,P,G,K,L,Q,
E30,,A,C,V,Y,I,A,Q,Y,A,T,E,K,V,N,D,E,L,D,R,Y,T,N,W,E,,,I,T,T,R,Q,V,A,Q,L,R,R,K,L,E,M,,,P,P,G,G,P,I,P,K,S,Y,E,D,F,A,W,Q,T,S,T,N,P,,,P,F,M,S,V,G,N,A,Y,C,N,F,Y,D,G,W,S,H,F,S,Q,S,G,V,Y,G,Y,T,T,L,N,N,M,G,,,R,A,P,R,L,C,P,Y,L,K,A,R,N,V,N,F,N,V,Q,G,V,T,E,S,R,N,K,I,T,-,-,-,-,-,-,-,-,-,-,-,-,-,-,-,-,-,-,-,-,-,,,P,E,A,E,M,G,A,A,T,T,D,H,A,F,N,H,T,K,L,S,N,I,G,Q,A,M,E,F,S,A,K,K,S,T,-,-,-,D,Q,T,G,P,Q,T,A,V,H,N,A,G,M,G,V,A,V,G,N,L,T,I,F,P,,,L,Q,P,G,H,D,S,V,L,K,H,T,L,L,G,E,I,L,N,Y,Y,A,,,P,W,I,S,Q,T,N,Y,R,Y,V,T,S,D,A,Y,T,D,A,G,,,L,L,R,D,T,P,F,I,T,Q,Q,A,L,F,Q,
